{
    "code": 200,
    "data": {
        "url": "",
        "id": "123",
        "title": "Mr. C & Mrs. D",
        "time": "25 Aug . 2016",
        "desc": "珍稀花期30天，欲拍从速！",
        "moreTitle": "更多样照",
        "imageData": [
            {
                "picUrl": "http://productimg.yingtaoyun.com/93/ee/93eee8ae3549a2a1e89e63255d085495.jpg!w640"
            },
            {
                "picUrl": "http://productimg.yingtaoyun.com/93/ee/93eee8ae3549a2a1e89e63255d085495.jpg!w640"
            },
            {
                "picUrl": "http://productimg.yingtaoyun.com/93/ee/93eee8ae3549a2a1e89e63255d085495.jpg!w640"
            }
        ],
        "moreImageData": [
            {
                "name": "Mr. C & Mrs. D",
                "picUrl": "http://productimg.yingtaoyun.com/93/ee/93eee8ae3549a2a1e89e63255d085495.jpg!w640",
                "url": ""
            },
            {
                "name": "Mr. C & Mrs. D",
                "picUrl": "http://productimg.yingtaoyun.com/2b/fa/2bfaca33a6300a907ed65af5dc292e17.jpg!w640h",
                "url": ""
            },
            {
                "name": "Mr. C & Mrs. D",
                "picUrl": "http://productimg.yingtaoyun.com/e9/90/e99003c524298dd1182fbdd0be19d1e3.jpg!w640h",
                "url": ""
            },
            {
                "name": "Mr. C & Mrs. D",
                "picUrl": "http://productimg.yingtaoyun.com/93/ee/93eee8ae3549a2a1e89e63255d085495.jpg!w640",
                "url": ""
            },
            {
                "name": "Mr. C & Mrs. D",
                "picUrl": "http://productimg.yingtaoyun.com/2b/fa/2bfaca33a6300a907ed65af5dc292e17.jpg!w640h",
                "url": "http://www.mgtv.com/v/1/298050/f/3663335.html"
            },
            {
                "name": "Mr. C & Mrs. D",
                "picUrl": "http://productimg.yingtaoyun.com/e9/90/e99003c524298dd1182fbdd0be19d1e3.jpg!w640h",
                "url": "http://www.mgtv.com/v/1/298050/f/3663335.html"
            }

        ]
    }
}