{
    "code": 200,
    "data": {
        "categoryData": [
            {
                "name": "年级",
                "id": "1"
            },
            {
                "name": "真正男子汉",
                "id": "2"
            },
            {
                "name": "爸爸",
                "id": "3"
            },
            {
                "name": "快乐大本营",
                "id": "4"
            }
        ],
        "imageData": [
            {
                "name": "一年级",
                "id": 1548,
                "picUrl": "http://productimg.yingtaoyun.com/93/ee/93eee8ae3549a2a1e89e63255d085495.jpg!w640",
                "url": "0",
                "label": ["1111","22222","3333"]
            },
            {
                "name": "真正男子汉",
                "id": 1540,
                "picUrl": "http://productimg.yingtaoyun.com/9a/e9/9ae98039dc2264c5d5fd2dea390f0532.jpg!w640",
                "url": "1",
                "label": ["1111","22222"]
            },
            {
                "name": "爸爸4",
                "id": 1550,
                "picUrl": "http://productimg.yingtaoyun.com/c7/28/c7285e3a67c907ff1f3d9d349aee101d.jpg!w640",
                "url": "2",
                "label": ["1111","22222"]
            },
            {
                "name": "快乐大本营",
                "id": 1150,
                "picUrl": "http://productimg.yingtaoyun.com/12/a7/12a74023942614a953b067ddd3d39b5c.jpg!w640",
                "url": "3",
                "label": ["1111","22222"]
            }
        ]
    }
}