{
    "code": 200,
    "data": {
        "logo": "http://productimg.yingtaoyun.com/4b/55/4b552a1e0e03d576e3652855bcb0dfa3.png",
        "currentId": "home",
        "title": "首页",
        "current": 0,
        "phone":["专属热线","13912345678"],
        "chat":["在线咨询"],
        "navData": [
            {
                "name": "首页",
                "id": "home"
            },
            {
                "name": "最新客照",
                "id": "show"
            },
            {
                "name": "样照大赏",
                "id": "product"
            },
            {
                "name": "活动套系",
                "id": "goods"
            }
        ]
    }
}