{
    "code": 200,
    "data": {
        "bannersData": [
            {
                "name": "",
                "picUrl": "http://productimg.yingtaoyun.com/af/ef/afef52892230e4ef8c0bbfbafc2fb3f3.jpg!w640h",
                "url": ""
            },
            {
                "name": "",
                "picUrl": "http://productimg.yingtaoyun.com/2b/fa/2bfaca33a6300a907ed65af5dc292e17.jpg!w640h",
                "url": ""
            },
            {
                "name": "",
                "picUrl": "http://productimg.yingtaoyun.com/e9/90/e99003c524298dd1182fbdd0be19d1e3.jpg!w640h",
                "url": ""
            }
        ],
        "categoryData": [
            {
                "name": "一年级",
                "id": "1"
            },
            {
                "name": "真正男子汉",
                "id": "2"
            },
            {
                "name": "爸爸4",
                "id": "3"
            },
            {
                "name": "快乐大本营",
                "id": "4"
            }
        ],
        "imageData": [
            {
                "name": "一年级",
                "id": 1548,
                "picUrl": "http://productimg.yingtaoyun.com/93/ee/93eee8ae3549a2a1e89e63255d085495.jpg!w640",
                "url": "/pages/show/detail?id=1",
                "like": 123
            },
            {
                "name": "真正男子汉",
                "id": 1540,
                "picUrl": "http://productimg.yingtaoyun.com/9a/e9/9ae98039dc2264c5d5fd2dea390f0532.jpg!w640",
                "url": "/pages/show/detail?id=2",
                "like": 123
            },
            {
                "name": "爸爸4",
                "id": 1550,
                "picUrl": "http://productimg.yingtaoyun.com/c7/28/c7285e3a67c907ff1f3d9d349aee101d.jpg!w640",
                "url": "/pages/show/detail?id=3",
                "like": 123
            },
            {
                "name": "快乐大本营",
                "id": 1150,
                "picUrl": "http://productimg.yingtaoyun.com/12/a7/12a74023942614a953b067ddd3d39b5c.jpg!w640",
                "url": "/pages/show/detail?id=4",
                "like": 123
            }
        ]
    }
}