{
    "code": 200,
    "data": {
        "imageData": [
            {
                "name": "一年级",
                "desc": "某某某系列",
                "id": 1548,
                "picUrl": "http://productimg.yingtaoyun.com/93/ee/93eee8ae3549a2a1e89e63255d085495.jpg!w640",
                "url": "0",
                "sold": 300,
                "presentPrice": 6666,
                "originalPrice": 9999
            },
            {
                "name": "一年级",
                "desc": "某某某系列",
                "id": 1548,
                "picUrl": "http://productimg.yingtaoyun.com/93/ee/93eee8ae3549a2a1e89e63255d085495.jpg!w640",
                "url": "0",
                "sold": 300,
                "presentPrice": 6666,
                "originalPrice": 9999
            },
            {
                "name": "一年级",
                "desc": "某某某系列",
                "id": 1548,
                "picUrl": "http://productimg.yingtaoyun.com/93/ee/93eee8ae3549a2a1e89e63255d085495.jpg!w640",
                "url": "0",
                "sold": 300,
                "presentPrice": 6666,
                "originalPrice": 9999
            },
            {
                 "name": "一年级",
                "desc": "某某某系列",
                "id": 1548,
                "picUrl": "http://productimg.yingtaoyun.com/93/ee/93eee8ae3549a2a1e89e63255d085495.jpg!w640",
                "url": "0",
                "sold": 300,
                "presentPrice": 6666,
                "originalPrice": 9999
            }
        ]
    }
}