{
    "code": 200,
    "data": {
        "bannersData": [
            {
                "name": "",
                "picUrl": "http://productimg.yingtaoyun.com/af/ef/afef52892230e4ef8c0bbfbafc2fb3f3.jpg!w640h",
                "url": "/pages/show/detail?id=1"
            },
            {
                "name": "",
                "picUrl": "http://productimg.yingtaoyun.com/2b/fa/2bfaca33a6300a907ed65af5dc292e17.jpg!w640h",
                "url": "/pages/product/detail?id=2"
            },
            {
                "name": "",
                "picUrl": "http://productimg.yingtaoyun.com/e9/90/e99003c524298dd1182fbdd0be19d1e3.jpg!w640h",
                "url": "/pages/show/detail?id=3"
            }
        ],
        "footerBannerData": [
            {
                "name": "",
                "picUrl": "http://productimg.yingtaoyun.com/af/ef/afef52892230e4ef8c0bbfbafc2fb3f3.jpg!w640h",
                "url": "http://www.mgtv.com/v/1/298050/f/3663335.html"
            }
        ],
        "dailyCustomerData": [
            {
                "name": "一年级",
                "id": 1548,
                "picUrl": "http://productimg.yingtaoyun.com/93/ee/93eee8ae3549a2a1e89e63255d085495.jpg!w640",
                "url": "/pages/show/detail?id=1",
                "like": 123
            },
            {
                "name": "真正男子汉",
                "id": 1540,
                "picUrl": "http://productimg.yingtaoyun.com/9a/e9/9ae98039dc2264c5d5fd2dea390f0532.jpg!w640",
                "url": "/pages/show/detail?id=2",
                "like": 123
            },
            {
                "name": "爸爸4",
                "id": 1550,
                "picUrl": "http://productimg.yingtaoyun.com/c7/28/c7285e3a67c907ff1f3d9d349aee101d.jpg!w640",
                "url": "/pages/show/detail?id=3",
                "like": 123
            },
            {
                "name": "快乐大本营",
                "id": 1150,
                "picUrl": "http://productimg.yingtaoyun.com/12/a7/12a74023942614a953b067ddd3d39b5c.jpg!w640",
                "url": "/pages/show/detail?id=4",
                "like": 123
            }
        ],
        "hotSampleData": [
            {
                "name": "一年级",
                "id": 1548,
                "picUrl": "http://productimg.yingtaoyun.com/35/b9/35b9b607f1624213336917c7fce2a0e2.jpg!w640h",
                "url": ""
            },
            {
                "name": "真正男子汉",
                "id": 1540,
                "picUrl": "http://productimg.yingtaoyun.com/c7/e6/c7e6ccd98d157d8c95d24fcba74f0b91.jpg!w640h",
                "url": ""
            },
            {
                "name": "爸爸4",
                "id": 1550,
                "picUrl": "http://productimg.yingtaoyun.com/bf/8d/bf8d47f4b9497ee19ef340f7a3bc7d27.jpg!w640h",
                "url": ""
            },
            {
                "name": "快乐大本营",
                "id": 1150,
                "picUrl": "http://productimg.yingtaoyun.com/1f/9b/1f9b5a9105943e867ee68b54d5676eea.jpg!w640h",
                "url": ""
            }
        ],
        "titleData": [
            {
                "name": "每日客照欣赏",
                "en": "Daily Update"
            },
            {
                "name": "人气样照欣赏",
                "en": "hot sample"
            },
            {
                "name": "婚纱照套餐快速报价",
                "en": "Wedding photo offer"
            }
        ],
        "offer": {
            "type": 0
            },
        "offerData": [
            {
                "name": ["礼服","dress"],
                "items": [["男女各三套",true],["男女各四套",false],["男女各五套",true]]
            },
            {
                "name": ["风格","style"],
                "items": [["韩式",true],["个性",false],["法式",true]]
            },
            {
                "name": ["外景","location"],
                "items": [["厦门",true],["三亚",false]]

            },
            {
                "name": ["相册","Photo"],
                "items": [["1本",true],["2本",false]]

            }
        ],
        "offerInput": [
            {
                "name": "某某1",
                "id": "a"
            },
            {
                "name": "某某2",
                "id": "b"
            }
        ]
    }
}