{
    "code": 200,
    "data": {
        "title": "获取报价",
        "logo":"http://productimg.yingtaoyun.com/4b/55/4b552a1e0e03d576e3652855bcb0dfa3.png",
        "url": "",
        "id": "",
       "buttonTitle": "提交",
        "bannerData": {
            "picUrl": "http://yingtao-product.b0.upaiyun.com/4b/94/4b94bb822bd5bea6b5a925f590e794d5.gif!w640",
            "desc": "【预约获邀请函】阁楼联手百业主办南通婚博会"
        },
        "tips": " 温馨：婚纱照需提前3-6个月咨询！抢黄金档期！点击“提交”可获取南通婚博会邀请函（活动时间:7.30-7.31）！保持您的手机畅通，我们将把优惠价格与邀请函发送给您！ ",
        "note": "含 男女各三套服装,韩式风格,4本相册,厦门外景"
    }
}